USERNAME,USERID,LISTENED,TRACKID,TRACKNAME,ARTIST,GENRE,RATING,FOLLOWED,LIKED
user_001,U001,True,T0001,Believer,Imagine Dragons,Rock,4.0,True,True
user_001,U001,True,T0002,SICKO MODE,Travis Scott,Hip-Hop,3.4,False,True
user_001,U001,True,T0003,Blank Space,Taylor Swift,Pop,4.1,True,False
user_001,U001,True,T0004,Blinding Lights,The Weeknd,R&B,5.0,True,True
user_001,U001,True,T0001,Believer,Imagine Dragons,Rock,3.3,True,False
user_001,U001,True,T0005,Boy With Luv,BTS,K-pop,3.3,False,False
user_001,U001,True,T0006,Umbrella,Rihanna,R&B,5.0,True,True
user_001,U001,True,T0007,Woman,Doja Cat,Pop Rap,4.3,True,True
user_001,U001,True,T0007,Woman,Doja Cat,Pop Rap,3.0,True,False
user_002,U002,True,T0008,Dakiti,Bad Bunny,Reggaeton,4.0,False,False
user_002,U002,True,T0002,SICKO MODE,Travis Scott,Hip-Hop,3.0,True,True
user_002,U002,True,T0009,Moonlight Sonata,Beethoven,Classical,3.0,True,True
user_002,U002,True,T0010,Save Your Tears,The Weeknd,R&B,3.7,True,True
user_002,U002,True,T0011,Perfect,Ed Sheeran,Pop,1.6,True,True
user_002,U002,True,T0009,Moonlight Sonata,Beethoven,Classical,1.8,False,True
user_002,U002,True,T0012,"Whenever, Wherever",Shakira,Latin Pop,2.9,True,False
user_002,U002,True,T0013,The Real Slim Shady,Eminem,Rap,2.5,False,False
user_002,U002,True,T0003,Blank Space,Taylor Swift,Pop,3.8,False,False
user_003,U003,True,T0006,Umbrella,Rihanna,R&B,2.6,False,False
user_003,U003,True,T0014,One Dance,Drake,Hip-Hop,2.1,True,True
user_003,U003,True,T0015,Someone Like You,Adele,Soul,5.0,False,True
user_003,U003,True,T0016,Diamonds,Rihanna,R&B,3.3,True,True
user_003,U003,True,T0017,Rolling in the Deep,Adele,Soul,3.6,False,False
user_003,U003,True,T0018,Lose Yourself,Eminem,Rap,2.1,False,False
user_003,U003,True,T0019,Yellow,Coldplay,Alternative,3.0,False,True
user_003,U003,True,T0010,Save Your Tears,The Weeknd,R&B,3.6,False,True
user_003,U003,True,T0020,Tití Me Preguntó,Bad Bunny,Reggaeton,2.3,False,False
user_003,U003,True,T0020,Tití Me Preguntó,Bad Bunny,Reggaeton,3.9,False,False
user_004,U004,True,T0008,Dakiti,Bad Bunny,Reggaeton,2.9,False,True
user_004,U004,True,T0006,Umbrella,Rihanna,R&B,3.2,False,True
user_004,U004,True,T0021,Bohemian Rhapsody,Queen,Rock,2.9,True,False
user_004,U004,True,T0022,Dynamite,BTS,K-pop,5.0,True,True
user_004,U004,True,T0016,Diamonds,Rihanna,R&B,3.5,False,True
user_004,U004,True,T0023,Shape of You,Ed Sheeran,Pop,2.4,False,True
user_004,U004,True,T0007,Woman,Doja Cat,Pop Rap,4.3,False,False
user_005,U005,True,T0024,Symphony No. 40,Mozart,Classical,2.3,True,False
user_005,U005,True,T0002,SICKO MODE,Travis Scott,Hip-Hop,3.7,False,False
user_005,U005,True,T0005,Boy With Luv,BTS,K-pop,1.5,True,False
user_005,U005,True,T0018,Lose Yourself,Eminem,Rap,2.2,True,False
user_005,U005,True,T0025,Love Story,Taylor Swift,Pop,3.7,True,False
user_005,U005,True,T0026,Radioactive,Imagine Dragons,Rock,4.2,True,False
user_006,U006,True,T0027,goosebumps,Travis Scott,Hip-Hop,3.7,True,True
user_006,U006,True,T0028,Hello,Adele,Soul,3.4,False,True
user_006,U006,True,T0025,Love Story,Taylor Swift,Pop,3.2,False,True
user_006,U006,True,T0028,Hello,Adele,Soul,2.0,False,True
user_006,U006,True,T0026,Radioactive,Imagine Dragons,Rock,2.8,False,True
user_006,U006,True,T0014,One Dance,Drake,Hip-Hop,3.0,False,True
user_007,U007,True,T0016,Diamonds,Rihanna,R&B,4.6,True,True
user_007,U007,True,T0029,Nothing Else Matters,Metallica,Metal,3.8,False,False
user_007,U007,True,T0029,Nothing Else Matters,Metallica,Metal,1.7,False,False
user_007,U007,True,T0002,SICKO MODE,Travis Scott,Hip-Hop,3.8,True,True
user_007,U007,True,T0020,Tití Me Preguntó,Bad Bunny,Reggaeton,3.1,False,True
user_007,U007,True,T0030,Don't Stop Me Now,Queen,Rock,2.8,True,False
user_007,U007,True,T0024,Symphony No. 40,Mozart,Classical,4.1,False,True
user_007,U007,True,T0031,Demons,Imagine Dragons,Rock,4.5,True,True
user_007,U007,True,T0003,Blank Space,Taylor Swift,Pop,4.4,False,False
user_007,U007,True,T0002,SICKO MODE,Travis Scott,Hip-Hop,2.7,False,True
user_008,U008,True,T0009,Moonlight Sonata,Beethoven,Classical,3.2,True,False
user_008,U008,True,T0032,Butter,BTS,K-pop,3.8,True,True
user_008,U008,True,T0033,Starboy,The Weeknd,R&B,4.5,True,False
user_008,U008,True,T0034,Hips Don't Lie,Shakira,Latin Pop,3.0,True,False
user_008,U008,True,T0032,Butter,BTS,K-pop,3.3,True,False
user_008,U008,True,T0029,Nothing Else Matters,Metallica,Metal,2.4,True,True
user_008,U008,True,T0030,Don't Stop Me Now,Queen,Rock,2.3,True,False
user_008,U008,True,T0021,Bohemian Rhapsody,Queen,Rock,4.3,True,True
user_009,U009,True,T0026,Radioactive,Imagine Dragons,Rock,4.9,False,True
user_009,U009,True,T0008,Dakiti,Bad Bunny,Reggaeton,3.4,False,True
user_009,U009,True,T0029,Nothing Else Matters,Metallica,Metal,4.5,True,True
user_009,U009,True,T0035,The Magic Flute,Mozart,Classical,3.9,False,False
user_009,U009,True,T0005,Boy With Luv,BTS,K-pop,2.9,False,False
user_009,U009,True,T0012,"Whenever, Wherever",Shakira,Latin Pop,3.9,False,True
user_009,U009,True,T0019,Yellow,Coldplay,Alternative,5.0,False,True
user_009,U009,True,T0001,Believer,Imagine Dragons,Rock,3.5,True,False
user_010,U010,True,T0020,Tití Me Preguntó,Bad Bunny,Reggaeton,5.0,False,True
user_010,U010,True,T0012,"Whenever, Wherever",Shakira,Latin Pop,1.0,True,False
user_010,U010,True,T0031,Demons,Imagine Dragons,Rock,4.3,False,True
user_010,U010,True,T0019,Yellow,Coldplay,Alternative,3.6,False,True
user_010,U010,True,T0001,Believer,Imagine Dragons,Rock,3.2,False,False
user_010,U010,True,T0007,Woman,Doja Cat,Pop Rap,3.6,True,True
user_010,U010,True,T0017,Rolling in the Deep,Adele,Soul,1.5,False,False
user_011,U011,True,T0028,Hello,Adele,Soul,3.3,True,True
user_011,U011,True,T0006,Umbrella,Rihanna,R&B,3.9,False,True
user_011,U011,True,T0020,Tití Me Preguntó,Bad Bunny,Reggaeton,5.0,True,True
user_011,U011,True,T0016,Diamonds,Rihanna,R&B,3.0,False,False
user_011,U011,True,T0024,Symphony No. 40,Mozart,Classical,2.7,True,True
user_011,U011,True,T0036,Say So,Doja Cat,Pop Rap,3.0,True,True
user_011,U011,True,T0021,Bohemian Rhapsody,Queen,Rock,4.4,False,True
user_011,U011,True,T0022,Dynamite,BTS,K-pop,3.8,True,True
user_011,U011,True,T0020,Tití Me Preguntó,Bad Bunny,Reggaeton,3.0,False,False
user_012,U012,True,T0027,goosebumps,Travis Scott,Hip-Hop,4.0,False,False
user_012,U012,True,T0024,Symphony No. 40,Mozart,Classical,3.6,False,True
user_012,U012,True,T0026,Radioactive,Imagine Dragons,Rock,4.5,False,False
user_012,U012,True,T0011,Perfect,Ed Sheeran,Pop,2.8,False,True
user_012,U012,True,T0037,Symphony No. 5,Beethoven,Classical,3.2,False,True
user_013,U013,True,T0038,We Will Rock You,Queen,Rock,3.1,False,True
user_013,U013,True,T0039,Viva La Vida,Coldplay,Alternative,2.0,False,False
user_013,U013,True,T0016,Diamonds,Rihanna,R&B,3.8,False,False
user_013,U013,True,T0039,Viva La Vida,Coldplay,Alternative,3.8,False,False
user_013,U013,True,T0027,goosebumps,Travis Scott,Hip-Hop,3.5,False,False
user_013,U013,True,T0036,Say So,Doja Cat,Pop Rap,3.3,True,False
user_013,U013,True,T0024,Symphony No. 40,Mozart,Classical,2.1,True,False
user_013,U013,True,T0031,Demons,Imagine Dragons,Rock,3.1,False,False
user_013,U013,True,T0036,Say So,Doja Cat,Pop Rap,3.2,False,False
user_014,U014,True,T0039,Viva La Vida,Coldplay,Alternative,2.7,False,False
user_014,U014,True,T0017,Rolling in the Deep,Adele,Soul,3.3,False,True
user_014,U014,True,T0010,Save Your Tears,The Weeknd,R&B,3.9,False,False
user_014,U014,True,T0013,The Real Slim Shady,Eminem,Rap,5.0,False,False
user_014,U014,True,T0013,The Real Slim Shady,Eminem,Rap,3.7,False,False
user_014,U014,True,T0025,Love Story,Taylor Swift,Pop,3.8,False,False
user_014,U014,True,T0012,"Whenever, Wherever",Shakira,Latin Pop,3.4,True,False
user_014,U014,True,T0021,Bohemian Rhapsody,Queen,Rock,1.6,False,False
user_014,U014,True,T0029,Nothing Else Matters,Metallica,Metal,3.5,True,False
user_015,U015,True,T0008,Dakiti,Bad Bunny,Reggaeton,3.6,False,False
user_015,U015,True,T0040,Shake It Off,Taylor Swift,Pop,5.0,False,False
user_015,U015,True,T0016,Diamonds,Rihanna,R&B,3.3,True,False
user_015,U015,True,T0019,Yellow,Coldplay,Alternative,3.8,False,False
user_015,U015,True,T0009,Moonlight Sonata,Beethoven,Classical,3.5,True,True
user_016,U016,True,T0007,Woman,Doja Cat,Pop Rap,2.3,False,True
user_016,U016,True,T0037,Symphony No. 5,Beethoven,Classical,4.6,False,False
user_016,U016,True,T0033,Starboy,The Weeknd,R&B,4.3,True,False
user_016,U016,True,T0040,Shake It Off,Taylor Swift,Pop,4.3,False,True
user_016,U016,True,T0034,Hips Don't Lie,Shakira,Latin Pop,2.6,True,False
user_016,U016,True,T0007,Woman,Doja Cat,Pop Rap,4.9,False,True
user_016,U016,True,T0031,Demons,Imagine Dragons,Rock,2.1,True,True
user_016,U016,True,T0016,Diamonds,Rihanna,R&B,4.1,True,True
user_016,U016,True,T0035,The Magic Flute,Mozart,Classical,5.0,False,True
user_017,U017,True,T0015,Someone Like You,Adele,Soul,2.5,False,True
user_017,U017,True,T0032,Butter,BTS,K-pop,2.9,True,False
user_017,U017,True,T0019,Yellow,Coldplay,Alternative,3.6,False,True
user_017,U017,True,T0024,Symphony No. 40,Mozart,Classical,3.0,False,False
user_017,U017,True,T0041,Enter Sandman,Metallica,Metal,1.9,False,False
user_017,U017,True,T0042,Für Elise,Beethoven,Classical,3.6,True,True
user_017,U017,True,T0008,Dakiti,Bad Bunny,Reggaeton,2.4,True,True
user_017,U017,True,T0012,"Whenever, Wherever",Shakira,Latin Pop,4.0,True,False
user_018,U018,True,T0034,Hips Don't Lie,Shakira,Latin Pop,2.6,True,True
user_018,U018,True,T0005,Boy With Luv,BTS,K-pop,5.0,True,True
user_018,U018,True,T0008,Dakiti,Bad Bunny,Reggaeton,2.7,True,False
user_018,U018,True,T0022,Dynamite,BTS,K-pop,3.2,True,False
user_018,U018,True,T0032,Butter,BTS,K-pop,4.3,True,True
user_018,U018,True,T0035,The Magic Flute,Mozart,Classical,2.3,True,False
user_018,U018,True,T0016,Diamonds,Rihanna,R&B,3.7,False,True
user_019,U019,True,T0038,We Will Rock You,Queen,Rock,4.8,True,True
user_019,U019,True,T0040,Shake It Off,Taylor Swift,Pop,1.9,False,True
user_019,U019,True,T0015,Someone Like You,Adele,Soul,3.7,False,False
user_019,U019,True,T0019,Yellow,Coldplay,Alternative,3.8,False,False
user_019,U019,True,T0035,The Magic Flute,Mozart,Classical,4.3,True,False
user_019,U019,True,T0006,Umbrella,Rihanna,R&B,2.3,True,False
user_019,U019,True,T0027,goosebumps,Travis Scott,Hip-Hop,2.2,True,False
user_019,U019,True,T0023,Shape of You,Ed Sheeran,Pop,4.0,True,True
user_019,U019,True,T0032,Butter,BTS,K-pop,3.8,False,True
user_020,U020,True,T0026,Radioactive,Imagine Dragons,Rock,3.8,True,True
user_020,U020,True,T0007,Woman,Doja Cat,Pop Rap,3.8,True,True
user_020,U020,True,T0035,The Magic Flute,Mozart,Classical,2.8,True,False
user_020,U020,True,T0033,Starboy,The Weeknd,R&B,3.7,True,True
user_020,U020,True,T0027,goosebumps,Travis Scott,Hip-Hop,3.8,True,False
user_020,U020,True,T0020,Tití Me Preguntó,Bad Bunny,Reggaeton,2.8,False,True
user_020,U020,True,T0020,Tití Me Preguntó,Bad Bunny,Reggaeton,5.0,True,False
user_021,U021,True,T0001,Believer,Imagine Dragons,Rock,4.0,False,False
user_021,U021,True,T0006,Umbrella,Rihanna,R&B,2.3,True,True
user_021,U021,True,T0017,Rolling in the Deep,Adele,Soul,4.2,False,True
user_021,U021,True,T0012,"Whenever, Wherever",Shakira,Latin Pop,2.5,True,True
user_021,U021,True,T0002,SICKO MODE,Travis Scott,Hip-Hop,4.3,True,True
user_021,U021,True,T0009,Moonlight Sonata,Beethoven,Classical,4.7,False,False
user_021,U021,True,T0007,Woman,Doja Cat,Pop Rap,2.7,False,True
user_021,U021,True,T0033,Starboy,The Weeknd,R&B,4.5,False,True
user_021,U021,True,T0041,Enter Sandman,Metallica,Metal,3.9,True,False
user_021,U021,True,T0010,Save Your Tears,The Weeknd,R&B,4.3,False,True
user_022,U022,True,T0018,Lose Yourself,Eminem,Rap,5.0,True,True
user_022,U022,True,T0033,Starboy,The Weeknd,R&B,3.3,True,True
user_022,U022,True,T0016,Diamonds,Rihanna,R&B,2.7,False,True
user_022,U022,True,T0006,Umbrella,Rihanna,R&B,2.6,False,True
user_022,U022,True,T0002,SICKO MODE,Travis Scott,Hip-Hop,2.7,True,False
user_022,U022,True,T0005,Boy With Luv,BTS,K-pop,3.4,True,True
user_023,U023,True,T0043,God's Plan,Drake,Hip-Hop,3.8,False,True
user_023,U023,True,T0020,Tití Me Preguntó,Bad Bunny,Reggaeton,3.8,False,True
user_023,U023,True,T0037,Symphony No. 5,Beethoven,Classical,4.3,False,True
user_023,U023,True,T0037,Symphony No. 5,Beethoven,Classical,3.5,True,True
user_023,U023,True,T0029,Nothing Else Matters,Metallica,Metal,5.0,True,False
user_024,U024,True,T0021,Bohemian Rhapsody,Queen,Rock,3.2,True,True
user_024,U024,True,T0042,Für Elise,Beethoven,Classical,5.0,True,False
user_024,U024,True,T0008,Dakiti,Bad Bunny,Reggaeton,4.1,True,False
user_024,U024,True,T0019,Yellow,Coldplay,Alternative,2.6,True,True
user_024,U024,True,T0019,Yellow,Coldplay,Alternative,2.4,False,True
user_024,U024,True,T0027,goosebumps,Travis Scott,Hip-Hop,4.0,True,True
user_025,U025,True,T0006,Umbrella,Rihanna,R&B,3.3,True,True
user_025,U025,True,T0044,Thinking Out Loud,Ed Sheeran,Pop,4.2,True,False
user_025,U025,True,T0026,Radioactive,Imagine Dragons,Rock,4.0,False,True
user_025,U025,True,T0003,Blank Space,Taylor Swift,Pop,3.4,True,True
user_025,U025,True,T0024,Symphony No. 40,Mozart,Classical,2.7,True,True
user_025,U025,True,T0045,Hotline Bling,Drake,Hip-Hop,2.0,False,True
user_026,U026,True,T0033,Starboy,The Weeknd,R&B,3.1,True,True
user_026,U026,True,T0044,Thinking Out Loud,Ed Sheeran,Pop,4.4,True,True
user_026,U026,True,T0016,Diamonds,Rihanna,R&B,3.7,True,False
user_026,U026,True,T0036,Say So,Doja Cat,Pop Rap,2.3,True,False
user_026,U026,True,T0024,Symphony No. 40,Mozart,Classical,3.7,True,True
user_026,U026,True,T0034,Hips Don't Lie,Shakira,Latin Pop,3.9,False,True
user_026,U026,True,T0042,Für Elise,Beethoven,Classical,2.6,False,True
user_026,U026,True,T0027,goosebumps,Travis Scott,Hip-Hop,3.7,False,False
user_026,U026,True,T0044,Thinking Out Loud,Ed Sheeran,Pop,3.6,True,True
user_027,U027,True,T0043,God's Plan,Drake,Hip-Hop,2.4,True,False
user_027,U027,True,T0020,Tití Me Preguntó,Bad Bunny,Reggaeton,3.9,True,True
user_027,U027,True,T0026,Radioactive,Imagine Dragons,Rock,4.1,False,True
user_027,U027,True,T0005,Boy With Luv,BTS,K-pop,4.6,True,True
user_027,U027,True,T0028,Hello,Adele,Soul,4.6,True,True
user_027,U027,True,T0035,The Magic Flute,Mozart,Classical,2.1,False,False
user_027,U027,True,T0011,Perfect,Ed Sheeran,Pop,2.6,True,False
user_027,U027,True,T0023,Shape of You,Ed Sheeran,Pop,4.0,False,True
user_027,U027,True,T0006,Umbrella,Rihanna,R&B,4.0,False,True
user_028,U028,True,T0009,Moonlight Sonata,Beethoven,Classical,4.0,False,False
user_028,U028,True,T0008,Dakiti,Bad Bunny,Reggaeton,5.0,True,False
user_028,U028,True,T0037,Symphony No. 5,Beethoven,Classical,4.1,True,False
user_028,U028,True,T0006,Umbrella,Rihanna,R&B,4.6,True,False
user_028,U028,True,T0035,The Magic Flute,Mozart,Classical,4.5,True,True
user_028,U028,True,T0002,SICKO MODE,Travis Scott,Hip-Hop,4.2,True,False
user_028,U028,True,T0001,Believer,Imagine Dragons,Rock,3.2,True,True
user_028,U028,True,T0022,Dynamite,BTS,K-pop,4.3,True,False
user_028,U028,True,T0021,Bohemian Rhapsody,Queen,Rock,2.7,False,False
user_028,U028,True,T0021,Bohemian Rhapsody,Queen,Rock,3.3,True,False
user_029,U029,True,T0027,goosebumps,Travis Scott,Hip-Hop,3.0,False,False
user_029,U029,True,T0026,Radioactive,Imagine Dragons,Rock,3.6,True,False
user_029,U029,True,T0034,Hips Don't Lie,Shakira,Latin Pop,5.0,True,True
user_029,U029,True,T0031,Demons,Imagine Dragons,Rock,1.6,True,True
user_029,U029,True,T0026,Radioactive,Imagine Dragons,Rock,4.2,False,False
user_030,U030,True,T0013,The Real Slim Shady,Eminem,Rap,1.9,False,False
user_030,U030,True,T0012,"Whenever, Wherever",Shakira,Latin Pop,3.0,False,True
user_030,U030,True,T0040,Shake It Off,Taylor Swift,Pop,4.6,False,False
user_030,U030,True,T0005,Boy With Luv,BTS,K-pop,3.6,True,False
user_030,U030,True,T0009,Moonlight Sonata,Beethoven,Classical,2.4,False,True
user_031,U031,True,T0006,Umbrella,Rihanna,R&B,2.8,True,False
user_031,U031,True,T0025,Love Story,Taylor Swift,Pop,4.2,True,False
user_031,U031,True,T0039,Viva La Vida,Coldplay,Alternative,2.8,False,True
user_031,U031,True,T0031,Demons,Imagine Dragons,Rock,3.7,False,True
user_031,U031,True,T0018,Lose Yourself,Eminem,Rap,3.5,False,True
user_032,U032,True,T0031,Demons,Imagine Dragons,Rock,2.8,False,False
user_032,U032,True,T0011,Perfect,Ed Sheeran,Pop,5.0,False,True
user_032,U032,True,T0033,Starboy,The Weeknd,R&B,4.1,False,True
user_032,U032,True,T0001,Believer,Imagine Dragons,Rock,1.5,False,True
user_032,U032,True,T0011,Perfect,Ed Sheeran,Pop,3.7,False,True
user_032,U032,True,T0043,God's Plan,Drake,Hip-Hop,2.8,True,True
user_032,U032,True,T0031,Demons,Imagine Dragons,Rock,4.4,False,True
user_032,U032,True,T0023,Shape of You,Ed Sheeran,Pop,2.7,False,False
user_032,U032,True,T0036,Say So,Doja Cat,Pop Rap,3.4,True,False
user_033,U033,True,T0035,The Magic Flute,Mozart,Classical,4.0,False,True
user_033,U033,True,T0018,Lose Yourself,Eminem,Rap,4.4,True,True
user_033,U033,True,T0012,"Whenever, Wherever",Shakira,Latin Pop,2.3,True,True
user_033,U033,True,T0001,Believer,Imagine Dragons,Rock,3.2,False,False
user_033,U033,True,T0028,Hello,Adele,Soul,3.0,True,False
user_033,U033,True,T0044,Thinking Out Loud,Ed Sheeran,Pop,2.8,True,False
user_033,U033,True,T0025,Love Story,Taylor Swift,Pop,5.0,True,False
user_034,U034,True,T0012,"Whenever, Wherever",Shakira,Latin Pop,3.9,True,False
user_034,U034,True,T0043,God's Plan,Drake,Hip-Hop,2.2,False,False
user_034,U034,True,T0029,Nothing Else Matters,Metallica,Metal,4.4,True,False
user_034,U034,True,T0025,Love Story,Taylor Swift,Pop,5.0,False,False
user_034,U034,True,T0016,Diamonds,Rihanna,R&B,4.5,True,False
user_035,U035,True,T0038,We Will Rock You,Queen,Rock,2.0,True,True
user_035,U035,True,T0036,Say So,Doja Cat,Pop Rap,3.0,True,True
user_035,U035,True,T0008,Dakiti,Bad Bunny,Reggaeton,4.8,True,True
user_035,U035,True,T0009,Moonlight Sonata,Beethoven,Classical,2.8,False,True
user_035,U035,True,T0007,Woman,Doja Cat,Pop Rap,3.9,False,False
user_036,U036,True,T0029,Nothing Else Matters,Metallica,Metal,4.3,True,False
user_036,U036,True,T0035,The Magic Flute,Mozart,Classical,2.6,True,True
user_036,U036,True,T0031,Demons,Imagine Dragons,Rock,3.4,False,False
user_036,U036,True,T0007,Woman,Doja Cat,Pop Rap,1.0,True,True
user_036,U036,True,T0019,Yellow,Coldplay,Alternative,2.5,True,False
user_036,U036,True,T0026,Radioactive,Imagine Dragons,Rock,3.2,True,True
user_037,U037,True,T0019,Yellow,Coldplay,Alternative,2.3,False,False
user_037,U037,True,T0015,Someone Like You,Adele,Soul,5.0,False,False
user_037,U037,True,T0024,Symphony No. 40,Mozart,Classical,2.1,False,True
user_037,U037,True,T0012,"Whenever, Wherever",Shakira,Latin Pop,3.1,True,False
user_037,U037,True,T0027,goosebumps,Travis Scott,Hip-Hop,3.6,True,True
user_037,U037,True,T0013,The Real Slim Shady,Eminem,Rap,4.9,False,True
user_037,U037,True,T0038,We Will Rock You,Queen,Rock,2.1,False,True
user_038,U038,True,T0045,Hotline Bling,Drake,Hip-Hop,4.7,False,True
user_038,U038,True,T0033,Starboy,The Weeknd,R&B,3.5,False,False
user_038,U038,True,T0019,Yellow,Coldplay,Alternative,2.5,True,False
user_038,U038,True,T0003,Blank Space,Taylor Swift,Pop,4.0,False,False
user_038,U038,True,T0011,Perfect,Ed Sheeran,Pop,3.7,True,True
user_038,U038,True,T0039,Viva La Vida,Coldplay,Alternative,2.9,False,False
user_038,U038,True,T0041,Enter Sandman,Metallica,Metal,3.6,True,True
user_038,U038,True,T0007,Woman,Doja Cat,Pop Rap,3.1,False,False
user_038,U038,True,T0014,One Dance,Drake,Hip-Hop,3.6,False,False
user_039,U039,True,T0011,Perfect,Ed Sheeran,Pop,4.2,False,False
user_039,U039,True,T0022,Dynamite,BTS,K-pop,5.0,False,True
user_039,U039,True,T0038,We Will Rock You,Queen,Rock,2.3,True,False
user_039,U039,True,T0004,Blinding Lights,The Weeknd,R&B,5.0,False,False
user_039,U039,True,T0021,Bohemian Rhapsody,Queen,Rock,1.5,True,True
user_039,U039,True,T0037,Symphony No. 5,Beethoven,Classical,3.3,True,False
user_040,U040,True,T0009,Moonlight Sonata,Beethoven,Classical,4.1,True,True
user_040,U040,True,T0034,Hips Don't Lie,Shakira,Latin Pop,3.8,True,False
user_040,U040,True,T0013,The Real Slim Shady,Eminem,Rap,2.9,False,True
user_040,U040,True,T0033,Starboy,The Weeknd,R&B,3.3,True,True
user_040,U040,True,T0026,Radioactive,Imagine Dragons,Rock,3.0,True,False
user_040,U040,True,T0025,Love Story,Taylor Swift,Pop,2.9,True,True
user_040,U040,True,T0007,Woman,Doja Cat,Pop Rap,4.3,False,True
user_040,U040,True,T0034,Hips Don't Lie,Shakira,Latin Pop,3.9,False,True
user_040,U040,True,T0032,Butter,BTS,K-pop,2.8,False,True
user_041,U041,True,T0019,Yellow,Coldplay,Alternative,4.4,False,True
user_041,U041,True,T0019,Yellow,Coldplay,Alternative,3.8,True,True
user_041,U041,True,T0007,Woman,Doja Cat,Pop Rap,4.3,True,False
user_041,U041,True,T0003,Blank Space,Taylor Swift,Pop,4.1,False,True
user_041,U041,True,T0043,God's Plan,Drake,Hip-Hop,2.7,True,True
user_041,U041,True,T0036,Say So,Doja Cat,Pop Rap,2.9,True,False
user_042,U042,True,T0014,One Dance,Drake,Hip-Hop,4.2,True,False
user_042,U042,True,T0032,Butter,BTS,K-pop,4.1,False,False
user_042,U042,True,T0024,Symphony No. 40,Mozart,Classical,3.5,False,False
user_042,U042,True,T0003,Blank Space,Taylor Swift,Pop,3.6,True,False
user_042,U042,True,T0013,The Real Slim Shady,Eminem,Rap,4.8,False,False
user_042,U042,True,T0027,goosebumps,Travis Scott,Hip-Hop,2.9,False,False
user_042,U042,True,T0013,The Real Slim Shady,Eminem,Rap,4.0,False,True
user_043,U043,True,T0027,goosebumps,Travis Scott,Hip-Hop,3.3,False,True
user_043,U043,True,T0044,Thinking Out Loud,Ed Sheeran,Pop,3.3,False,False
user_043,U043,True,T0008,Dakiti,Bad Bunny,Reggaeton,4.6,True,True
user_043,U043,True,T0039,Viva La Vida,Coldplay,Alternative,4.3,False,True
user_043,U043,True,T0018,Lose Yourself,Eminem,Rap,4.3,True,True
user_043,U043,True,T0001,Believer,Imagine Dragons,Rock,4.8,True,False
user_043,U043,True,T0033,Starboy,The Weeknd,R&B,3.5,False,False
user_044,U044,True,T0005,Boy With Luv,BTS,K-pop,4.2,True,True
user_044,U044,True,T0016,Diamonds,Rihanna,R&B,3.2,True,False
user_044,U044,True,T0001,Believer,Imagine Dragons,Rock,3.8,True,True
user_044,U044,True,T0045,Hotline Bling,Drake,Hip-Hop,3.4,False,True
user_044,U044,True,T0011,Perfect,Ed Sheeran,Pop,3.6,False,True
user_044,U044,True,T0044,Thinking Out Loud,Ed Sheeran,Pop,4.1,True,True
user_044,U044,True,T0018,Lose Yourself,Eminem,Rap,2.7,False,False
user_044,U044,True,T0024,Symphony No. 40,Mozart,Classical,5.0,False,False
user_044,U044,True,T0021,Bohemian Rhapsody,Queen,Rock,2.5,False,False
user_044,U044,True,T0015,Someone Like You,Adele,Soul,2.3,False,True
user_045,U045,True,T0015,Someone Like You,Adele,Soul,4.7,True,False
user_045,U045,True,T0034,Hips Don't Lie,Shakira,Latin Pop,4.3,True,True
user_045,U045,True,T0024,Symphony No. 40,Mozart,Classical,4.1,False,False
user_045,U045,True,T0008,Dakiti,Bad Bunny,Reggaeton,4.1,False,True
user_045,U045,True,T0046,Fix You,Coldplay,Alternative,3.5,True,True
user_045,U045,True,T0019,Yellow,Coldplay,Alternative,2.6,True,True
user_045,U045,True,T0019,Yellow,Coldplay,Alternative,3.6,False,False
user_045,U045,True,T0037,Symphony No. 5,Beethoven,Classical,2.8,True,False
user_045,U045,True,T0018,Lose Yourself,Eminem,Rap,4.5,False,False
user_045,U045,True,T0039,Viva La Vida,Coldplay,Alternative,3.4,False,False
user_046,U046,True,T0035,The Magic Flute,Mozart,Classical,2.7,True,True
user_046,U046,True,T0014,One Dance,Drake,Hip-Hop,3.2,True,False
user_046,U046,True,T0011,Perfect,Ed Sheeran,Pop,3.9,False,False
user_046,U046,True,T0021,Bohemian Rhapsody,Queen,Rock,2.9,False,True
user_046,U046,True,T0012,"Whenever, Wherever",Shakira,Latin Pop,2.7,True,True
user_047,U047,True,T0035,The Magic Flute,Mozart,Classical,3.7,False,True
user_047,U047,True,T0025,Love Story,Taylor Swift,Pop,3.7,True,False
user_047,U047,True,T0034,Hips Don't Lie,Shakira,Latin Pop,3.0,False,True
user_047,U047,True,T0040,Shake It Off,Taylor Swift,Pop,3.0,True,True
user_047,U047,True,T0019,Yellow,Coldplay,Alternative,3.7,True,True
user_047,U047,True,T0031,Demons,Imagine Dragons,Rock,2.1,True,False
user_047,U047,True,T0020,Tití Me Preguntó,Bad Bunny,Reggaeton,2.1,False,True
user_047,U047,True,T0030,Don't Stop Me Now,Queen,Rock,2.8,False,False
user_047,U047,True,T0027,goosebumps,Travis Scott,Hip-Hop,3.3,True,False
user_048,U048,True,T0042,Für Elise,Beethoven,Classical,3.8,False,True
user_048,U048,True,T0012,"Whenever, Wherever",Shakira,Latin Pop,5.0,True,True
user_048,U048,True,T0021,Bohemian Rhapsody,Queen,Rock,4.4,True,False
user_048,U048,True,T0022,Dynamite,BTS,K-pop,3.3,False,True
user_048,U048,True,T0008,Dakiti,Bad Bunny,Reggaeton,3.5,False,True
user_048,U048,True,T0013,The Real Slim Shady,Eminem,Rap,2.5,True,False
user_048,U048,True,T0013,The Real Slim Shady,Eminem,Rap,3.5,False,False
user_048,U048,True,T0002,SICKO MODE,Travis Scott,Hip-Hop,3.2,False,True
user_048,U048,True,T0012,"Whenever, Wherever",Shakira,Latin Pop,3.8,True,False
user_048,U048,True,T0035,The Magic Flute,Mozart,Classical,2.7,True,True
user_049,U049,True,T0024,Symphony No. 40,Mozart,Classical,4.0,False,True
user_049,U049,True,T0019,Yellow,Coldplay,Alternative,5.0,True,True
user_049,U049,True,T0016,Diamonds,Rihanna,R&B,3.4,True,False
user_049,U049,True,T0041,Enter Sandman,Metallica,Metal,3.9,False,True
user_049,U049,True,T0029,Nothing Else Matters,Metallica,Metal,4.2,True,True
user_050,U050,True,T0024,Symphony No. 40,Mozart,Classical,3.1,True,True
user_050,U050,True,T0009,Moonlight Sonata,Beethoven,Classical,3.7,False,False
user_050,U050,True,T0035,The Magic Flute,Mozart,Classical,3.5,False,False
user_050,U050,True,T0029,Nothing Else Matters,Metallica,Metal,3.6,True,False
user_050,U050,True,T0036,Say So,Doja Cat,Pop Rap,2.7,True,False
user_050,U050,True,T0045,Hotline Bling,Drake,Hip-Hop,3.5,False,False
user_050,U050,True,T0007,Woman,Doja Cat,Pop Rap,4.0,False,True
user_050,U050,True,T0006,Umbrella,Rihanna,R&B,5.0,False,False
user_050,U050,True,T0024,Symphony No. 40,Mozart,Classical,4.5,False,False
user_050,U050,True,T0019,Yellow,Coldplay,Alternative,5.0,True,False
user_051,U051,True,T0030,Don't Stop Me Now,Queen,Rock,2.7,False,True
user_051,U051,True,T0018,Lose Yourself,Eminem,Rap,4.4,False,False
user_051,U051,True,T0004,Blinding Lights,The Weeknd,R&B,3.7,True,False
user_051,U051,True,T0002,SICKO MODE,Travis Scott,Hip-Hop,5.0,False,True
user_051,U051,True,T0016,Diamonds,Rihanna,R&B,2.7,True,False
user_051,U051,True,T0045,Hotline Bling,Drake,Hip-Hop,2.7,False,True
user_051,U051,True,T0040,Shake It Off,Taylor Swift,Pop,2.9,False,True
user_052,U052,True,T0044,Thinking Out Loud,Ed Sheeran,Pop,1.4,False,True
user_052,U052,True,T0035,The Magic Flute,Mozart,Classical,3.0,True,True
user_052,U052,True,T0027,goosebumps,Travis Scott,Hip-Hop,2.7,True,True
user_052,U052,True,T0010,Save Your Tears,The Weeknd,R&B,3.7,False,False
user_052,U052,True,T0031,Demons,Imagine Dragons,Rock,3.8,True,True
user_052,U052,True,T0024,Symphony No. 40,Mozart,Classical,5.0,True,True
user_053,U053,True,T0012,"Whenever, Wherever",Shakira,Latin Pop,4.5,True,False
user_053,U053,True,T0013,The Real Slim Shady,Eminem,Rap,2.9,True,True
user_053,U053,True,T0008,Dakiti,Bad Bunny,Reggaeton,2.6,True,False
user_053,U053,True,T0010,Save Your Tears,The Weeknd,R&B,4.0,True,False
user_053,U053,True,T0004,Blinding Lights,The Weeknd,R&B,2.2,False,False
user_053,U053,True,T0010,Save Your Tears,The Weeknd,R&B,5.0,False,True
user_054,U054,True,T0013,The Real Slim Shady,Eminem,Rap,4.7,True,True
user_054,U054,True,T0004,Blinding Lights,The Weeknd,R&B,3.0,False,True
user_054,U054,True,T0022,Dynamite,BTS,K-pop,1.8,False,False
user_054,U054,True,T0043,God's Plan,Drake,Hip-Hop,4.9,False,True
user_054,U054,True,T0033,Starboy,The Weeknd,R&B,3.4,False,True
user_054,U054,True,T0046,Fix You,Coldplay,Alternative,4.7,True,True
user_054,U054,True,T0027,goosebumps,Travis Scott,Hip-Hop,1.9,False,False
user_054,U054,True,T0044,Thinking Out Loud,Ed Sheeran,Pop,2.9,False,False
user_054,U054,True,T0012,"Whenever, Wherever",Shakira,Latin Pop,3.5,True,True
user_055,U055,True,T0004,Blinding Lights,The Weeknd,R&B,3.5,True,True
user_055,U055,True,T0010,Save Your Tears,The Weeknd,R&B,3.0,False,True
user_055,U055,True,T0020,Tití Me Preguntó,Bad Bunny,Reggaeton,4.1,False,True
user_055,U055,True,T0002,SICKO MODE,Travis Scott,Hip-Hop,2.4,False,False
user_055,U055,True,T0018,Lose Yourself,Eminem,Rap,3.4,False,False
user_056,U056,True,T0039,Viva La Vida,Coldplay,Alternative,3.6,False,False
user_056,U056,True,T0002,SICKO MODE,Travis Scott,Hip-Hop,4.0,False,False
user_056,U056,True,T0046,Fix You,Coldplay,Alternative,4.2,True,True
user_056,U056,True,T0028,Hello,Adele,Soul,2.4,False,True
user_056,U056,True,T0031,Demons,Imagine Dragons,Rock,2.0,False,True
user_056,U056,True,T0030,Don't Stop Me Now,Queen,Rock,4.8,True,False
user_057,U057,True,T0029,Nothing Else Matters,Metallica,Metal,3.8,True,True
user_057,U057,True,T0023,Shape of You,Ed Sheeran,Pop,2.8,True,False
user_057,U057,True,T0036,Say So,Doja Cat,Pop Rap,5.0,True,False
user_057,U057,True,T0046,Fix You,Coldplay,Alternative,3.6,False,True
user_057,U057,True,T0042,Für Elise,Beethoven,Classical,4.7,False,True
user_057,U057,True,T0043,God's Plan,Drake,Hip-Hop,3.6,False,True
user_057,U057,True,T0035,The Magic Flute,Mozart,Classical,5.0,False,False
user_058,U058,True,T0033,Starboy,The Weeknd,R&B,5.0,False,True
user_058,U058,True,T0045,Hotline Bling,Drake,Hip-Hop,3.3,False,False
user_058,U058,True,T0027,goosebumps,Travis Scott,Hip-Hop,4.5,True,True
user_058,U058,True,T0010,Save Your Tears,The Weeknd,R&B,4.1,False,False
user_058,U058,True,T0013,The Real Slim Shady,Eminem,Rap,4.9,True,False
user_058,U058,True,T0044,Thinking Out Loud,Ed Sheeran,Pop,2.5,True,True
user_058,U058,True,T0019,Yellow,Coldplay,Alternative,4.2,False,False
user_058,U058,True,T0012,"Whenever, Wherever",Shakira,Latin Pop,4.6,True,False
user_059,U059,True,T0032,Butter,BTS,K-pop,1.7,False,True
user_059,U059,True,T0036,Say So,Doja Cat,Pop Rap,2.3,True,False
user_059,U059,True,T0041,Enter Sandman,Metallica,Metal,1.5,False,True
user_059,U059,True,T0041,Enter Sandman,Metallica,Metal,3.2,True,False
user_059,U059,True,T0026,Radioactive,Imagine Dragons,Rock,4.2,False,True
user_059,U059,True,T0019,Yellow,Coldplay,Alternative,5.0,False,True
user_060,U060,True,T0027,goosebumps,Travis Scott,Hip-Hop,3.6,False,False
user_060,U060,True,T0041,Enter Sandman,Metallica,Metal,5.0,False,False
user_060,U060,True,T0016,Diamonds,Rihanna,R&B,2.1,False,False
user_060,U060,True,T0036,Say So,Doja Cat,Pop Rap,1.8,True,False
user_060,U060,True,T0002,SICKO MODE,Travis Scott,Hip-Hop,3.4,True,False
user_060,U060,True,T0002,SICKO MODE,Travis Scott,Hip-Hop,3.9,True,True
user_060,U060,True,T0037,Symphony No. 5,Beethoven,Classical,3.5,False,False
user_060,U060,True,T0023,Shape of You,Ed Sheeran,Pop,1.4,True,True
user_060,U060,True,T0036,Say So,Doja Cat,Pop Rap,3.4,False,True
user_061,U061,True,T0024,Symphony No. 40,Mozart,Classical,2.2,False,False
user_061,U061,True,T0013,The Real Slim Shady,Eminem,Rap,4.2,True,True
user_061,U061,True,T0037,Symphony No. 5,Beethoven,Classical,3.9,True,True
user_061,U061,True,T0038,We Will Rock You,Queen,Rock,2.6,False,True
user_061,U061,True,T0028,Hello,Adele,Soul,3.0,True,True
user_061,U061,True,T0007,Woman,Doja Cat,Pop Rap,2.4,False,False
user_061,U061,True,T0043,God's Plan,Drake,Hip-Hop,3.4,False,True
user_062,U062,True,T0027,goosebumps,Travis Scott,Hip-Hop,4.5,False,False
user_062,U062,True,T0021,Bohemian Rhapsody,Queen,Rock,2.5,False,False
user_062,U062,True,T0037,Symphony No. 5,Beethoven,Classical,4.0,False,True
user_062,U062,True,T0042,Für Elise,Beethoven,Classical,3.0,True,False
user_062,U062,True,T0021,Bohemian Rhapsody,Queen,Rock,2.7,True,False
user_062,U062,True,T0030,Don't Stop Me Now,Queen,Rock,3.4,False,False
user_063,U063,True,T0012,"Whenever, Wherever",Shakira,Latin Pop,2.5,False,True
user_063,U063,True,T0021,Bohemian Rhapsody,Queen,Rock,2.9,True,False
user_063,U063,True,T0022,Dynamite,BTS,K-pop,2.3,True,False
user_063,U063,True,T0022,Dynamite,BTS,K-pop,5.0,False,False
user_063,U063,True,T0027,goosebumps,Travis Scott,Hip-Hop,3.5,True,True
user_063,U063,True,T0044,Thinking Out Loud,Ed Sheeran,Pop,2.8,False,False
user_063,U063,True,T0046,Fix You,Coldplay,Alternative,3.7,True,True
user_064,U064,True,T0041,Enter Sandman,Metallica,Metal,3.4,False,True
user_064,U064,True,T0033,Starboy,The Weeknd,R&B,3.3,True,True
user_064,U064,True,T0024,Symphony No. 40,Mozart,Classical,4.1,False,True
user_064,U064,True,T0006,Umbrella,Rihanna,R&B,4.3,True,True
user_064,U064,True,T0031,Demons,Imagine Dragons,Rock,3.0,True,True
user_064,U064,True,T0032,Butter,BTS,K-pop,2.9,False,False
user_065,U065,True,T0045,Hotline Bling,Drake,Hip-Hop,3.2,True,True
user_065,U065,True,T0018,Lose Yourself,Eminem,Rap,1.2,False,False
user_065,U065,True,T0006,Umbrella,Rihanna,R&B,2.0,True,False
user_065,U065,True,T0003,Blank Space,Taylor Swift,Pop,4.9,False,True
user_065,U065,True,T0036,Say So,Doja Cat,Pop Rap,5.0,True,False
user_066,U066,True,T0035,The Magic Flute,Mozart,Classical,3.3,False,False
user_066,U066,True,T0046,Fix You,Coldplay,Alternative,4.1,True,False
user_066,U066,True,T0020,Tití Me Preguntó,Bad Bunny,Reggaeton,3.8,False,False
user_066,U066,True,T0041,Enter Sandman,Metallica,Metal,5.0,True,True
user_066,U066,True,T0001,Believer,Imagine Dragons,Rock,4.6,False,False
user_066,U066,True,T0001,Believer,Imagine Dragons,Rock,3.4,False,True
user_066,U066,True,T0019,Yellow,Coldplay,Alternative,2.5,False,False
user_066,U066,True,T0029,Nothing Else Matters,Metallica,Metal,1.9,True,False
user_066,U066,True,T0027,goosebumps,Travis Scott,Hip-Hop,3.7,False,True
user_067,U067,True,T0020,Tití Me Preguntó,Bad Bunny,Reggaeton,2.7,True,False
user_067,U067,True,T0043,God's Plan,Drake,Hip-Hop,2.1,False,False
user_067,U067,True,T0027,goosebumps,Travis Scott,Hip-Hop,2.9,True,False
user_067,U067,True,T0002,SICKO MODE,Travis Scott,Hip-Hop,2.4,False,True
user_067,U067,True,T0031,Demons,Imagine Dragons,Rock,5.0,True,False
user_067,U067,True,T0025,Love Story,Taylor Swift,Pop,4.4,True,True
user_068,U068,True,T0034,Hips Don't Lie,Shakira,Latin Pop,3.5,False,False
user_068,U068,True,T0032,Butter,BTS,K-pop,5.0,True,True
user_068,U068,True,T0012,"Whenever, Wherever",Shakira,Latin Pop,3.6,True,True
user_068,U068,True,T0024,Symphony No. 40,Mozart,Classical,2.6,False,False
user_068,U068,True,T0012,"Whenever, Wherever",Shakira,Latin Pop,5.0,True,False
user_068,U068,True,T0032,Butter,BTS,K-pop,4.0,True,True
user_068,U068,True,T0020,Tití Me Preguntó,Bad Bunny,Reggaeton,2.5,True,True
user_069,U069,True,T0010,Save Your Tears,The Weeknd,R&B,3.3,False,False
user_069,U069,True,T0019,Yellow,Coldplay,Alternative,2.6,True,True
user_069,U069,True,T0039,Viva La Vida,Coldplay,Alternative,2.1,False,False
user_069,U069,True,T0031,Demons,Imagine Dragons,Rock,4.4,True,False
user_069,U069,True,T0012,"Whenever, Wherever",Shakira,Latin Pop,5.0,True,False
user_069,U069,True,T0005,Boy With Luv,BTS,K-pop,2.1,True,False
user_069,U069,True,T0030,Don't Stop Me Now,Queen,Rock,4.1,False,True
user_069,U069,True,T0016,Diamonds,Rihanna,R&B,2.8,True,False
user_070,U070,True,T0010,Save Your Tears,The Weeknd,R&B,3.0,True,True
user_070,U070,True,T0027,goosebumps,Travis Scott,Hip-Hop,2.9,False,False
user_070,U070,True,T0008,Dakiti,Bad Bunny,Reggaeton,2.6,True,True
user_070,U070,True,T0023,Shape of You,Ed Sheeran,Pop,3.5,False,False
user_070,U070,True,T0041,Enter Sandman,Metallica,Metal,2.7,False,True
user_070,U070,True,T0038,We Will Rock You,Queen,Rock,3.8,True,True
user_070,U070,True,T0032,Butter,BTS,K-pop,3.4,False,False
user_071,U071,True,T0042,Für Elise,Beethoven,Classical,3.3,True,False
user_071,U071,True,T0028,Hello,Adele,Soul,2.6,False,False
user_071,U071,True,T0015,Someone Like You,Adele,Soul,2.9,False,False
user_071,U071,True,T0029,Nothing Else Matters,Metallica,Metal,4.3,True,True
user_071,U071,True,T0029,Nothing Else Matters,Metallica,Metal,4.0,False,False
user_071,U071,True,T0034,Hips Don't Lie,Shakira,Latin Pop,2.5,False,True
user_071,U071,True,T0037,Symphony No. 5,Beethoven,Classical,3.6,False,True
user_071,U071,True,T0042,Für Elise,Beethoven,Classical,4.3,False,False
user_071,U071,True,T0028,Hello,Adele,Soul,1.8,False,True
user_071,U071,True,T0026,Radioactive,Imagine Dragons,Rock,4.0,True,True
user_072,U072,True,T0036,Say So,Doja Cat,Pop Rap,2.8,False,True
user_072,U072,True,T0020,Tití Me Preguntó,Bad Bunny,Reggaeton,4.1,True,True
user_072,U072,True,T0006,Umbrella,Rihanna,R&B,2.7,False,False
user_072,U072,True,T0046,Fix You,Coldplay,Alternative,1.7,True,False
user_072,U072,True,T0046,Fix You,Coldplay,Alternative,1.9,True,False
user_072,U072,True,T0013,The Real Slim Shady,Eminem,Rap,3.5,False,False
user_072,U072,True,T0020,Tití Me Preguntó,Bad Bunny,Reggaeton,3.8,False,True
user_073,U073,True,T0007,Woman,Doja Cat,Pop Rap,2.6,False,True
user_073,U073,True,T0013,The Real Slim Shady,Eminem,Rap,4.1,True,False
user_073,U073,True,T0037,Symphony No. 5,Beethoven,Classical,1.8,False,False
user_073,U073,True,T0027,goosebumps,Travis Scott,Hip-Hop,3.4,True,False
user_073,U073,True,T0026,Radioactive,Imagine Dragons,Rock,2.3,True,True
user_073,U073,True,T0022,Dynamite,BTS,K-pop,2.8,True,False
user_073,U073,True,T0019,Yellow,Coldplay,Alternative,3.5,False,False
user_073,U073,True,T0019,Yellow,Coldplay,Alternative,2.6,False,False
user_073,U073,True,T0007,Woman,Doja Cat,Pop Rap,3.1,True,True
user_074,U074,True,T0009,Moonlight Sonata,Beethoven,Classical,4.5,True,True
user_074,U074,True,T0029,Nothing Else Matters,Metallica,Metal,2.9,False,True
user_074,U074,True,T0024,Symphony No. 40,Mozart,Classical,4.3,True,True
user_074,U074,True,T0019,Yellow,Coldplay,Alternative,2.4,False,True
user_074,U074,True,T0011,Perfect,Ed Sheeran,Pop,4.0,True,True
user_074,U074,True,T0018,Lose Yourself,Eminem,Rap,4.9,False,True
user_074,U074,True,T0031,Demons,Imagine Dragons,Rock,1.0,True,True
user_075,U075,True,T0039,Viva La Vida,Coldplay,Alternative,2.7,False,False
user_075,U075,True,T0032,Butter,BTS,K-pop,4.1,True,False
user_075,U075,True,T0007,Woman,Doja Cat,Pop Rap,3.3,False,True
user_075,U075,True,T0030,Don't Stop Me Now,Queen,Rock,3.9,False,True
user_075,U075,True,T0041,Enter Sandman,Metallica,Metal,2.9,True,False
user_075,U075,True,T0023,Shape of You,Ed Sheeran,Pop,3.6,True,True
user_075,U075,True,T0012,"Whenever, Wherever",Shakira,Latin Pop,3.3,False,True
user_075,U075,True,T0020,Tití Me Preguntó,Bad Bunny,Reggaeton,4.7,True,True
user_075,U075,True,T0043,God's Plan,Drake,Hip-Hop,3.8,False,False
user_076,U076,True,T0002,SICKO MODE,Travis Scott,Hip-Hop,3.8,True,False
user_076,U076,True,T0037,Symphony No. 5,Beethoven,Classical,3.1,False,False
user_076,U076,True,T0006,Umbrella,Rihanna,R&B,3.0,False,False
user_076,U076,True,T0043,God's Plan,Drake,Hip-Hop,3.1,False,False
user_076,U076,True,T0016,Diamonds,Rihanna,R&B,3.9,False,True
user_076,U076,True,T0036,Say So,Doja Cat,Pop Rap,3.1,False,False
user_077,U077,True,T0021,Bohemian Rhapsody,Queen,Rock,3.8,False,True
user_077,U077,True,T0036,Say So,Doja Cat,Pop Rap,5.0,True,True
user_077,U077,True,T0032,Butter,BTS,K-pop,4.4,True,False
user_077,U077,True,T0002,SICKO MODE,Travis Scott,Hip-Hop,3.2,True,False
user_077,U077,True,T0007,Woman,Doja Cat,Pop Rap,4.7,False,True
user_078,U078,True,T0034,Hips Don't Lie,Shakira,Latin Pop,3.1,False,True
user_078,U078,True,T0034,Hips Don't Lie,Shakira,Latin Pop,1.5,False,True
user_078,U078,True,T0016,Diamonds,Rihanna,R&B,2.5,False,False
user_078,U078,True,T0019,Yellow,Coldplay,Alternative,1.6,True,False
user_078,U078,True,T0029,Nothing Else Matters,Metallica,Metal,3.1,True,False
user_078,U078,True,T0017,Rolling in the Deep,Adele,Soul,3.5,False,False
user_079,U079,True,T0044,Thinking Out Loud,Ed Sheeran,Pop,5.0,True,False
user_079,U079,True,T0012,"Whenever, Wherever",Shakira,Latin Pop,3.8,True,True
user_079,U079,True,T0005,Boy With Luv,BTS,K-pop,3.3,False,False
user_079,U079,True,T0041,Enter Sandman,Metallica,Metal,4.3,True,True
user_079,U079,True,T0029,Nothing Else Matters,Metallica,Metal,1.3,False,True
user_079,U079,True,T0036,Say So,Doja Cat,Pop Rap,3.7,True,True
user_079,U079,True,T0033,Starboy,The Weeknd,R&B,4.3,False,False
user_079,U079,True,T0041,Enter Sandman,Metallica,Metal,2.0,False,False
user_080,U080,True,T0038,We Will Rock You,Queen,Rock,4.6,False,False
user_080,U080,True,T0019,Yellow,Coldplay,Alternative,3.8,False,True
user_080,U080,True,T0045,Hotline Bling,Drake,Hip-Hop,3.1,True,True
user_080,U080,True,T0036,Say So,Doja Cat,Pop Rap,4.1,False,True
user_080,U080,True,T0028,Hello,Adele,Soul,5.0,False,True
user_081,U081,True,T0016,Diamonds,Rihanna,R&B,3.7,False,True
user_081,U081,True,T0029,Nothing Else Matters,Metallica,Metal,3.7,True,True
user_081,U081,True,T0012,"Whenever, Wherever",Shakira,Latin Pop,3.0,False,False
user_081,U081,True,T0035,The Magic Flute,Mozart,Classical,2.7,True,False
user_081,U081,True,T0001,Believer,Imagine Dragons,Rock,4.3,False,False
user_081,U081,True,T0036,Say So,Doja Cat,Pop Rap,2.6,True,False
user_081,U081,True,T0039,Viva La Vida,Coldplay,Alternative,3.6,True,True
user_081,U081,True,T0008,Dakiti,Bad Bunny,Reggaeton,3.0,False,True
user_081,U081,True,T0027,goosebumps,Travis Scott,Hip-Hop,4.0,True,False
user_081,U081,True,T0024,Symphony No. 40,Mozart,Classical,3.8,False,True
user_082,U082,True,T0010,Save Your Tears,The Weeknd,R&B,4.5,False,False
user_082,U082,True,T0018,Lose Yourself,Eminem,Rap,3.0,False,False
user_082,U082,True,T0020,Tití Me Preguntó,Bad Bunny,Reggaeton,3.2,True,False
user_082,U082,True,T0046,Fix You,Coldplay,Alternative,2.5,True,True
user_082,U082,True,T0001,Believer,Imagine Dragons,Rock,3.1,False,False
user_082,U082,True,T0033,Starboy,The Weeknd,R&B,3.9,False,False
user_082,U082,True,T0009,Moonlight Sonata,Beethoven,Classical,4.3,True,False
user_082,U082,True,T0039,Viva La Vida,Coldplay,Alternative,2.6,False,True
user_082,U082,True,T0040,Shake It Off,Taylor Swift,Pop,4.4,False,True
user_082,U082,True,T0012,"Whenever, Wherever",Shakira,Latin Pop,4.9,False,False
user_083,U083,True,T0027,goosebumps,Travis Scott,Hip-Hop,3.9,True,True
user_083,U083,True,T0035,The Magic Flute,Mozart,Classical,5.0,True,True
user_083,U083,True,T0018,Lose Yourself,Eminem,Rap,2.7,True,True
user_083,U083,True,T0004,Blinding Lights,The Weeknd,R&B,2.3,False,True
user_083,U083,True,T0018,Lose Yourself,Eminem,Rap,1.7,False,True
user_084,U084,True,T0026,Radioactive,Imagine Dragons,Rock,5.0,False,True
user_084,U084,True,T0027,goosebumps,Travis Scott,Hip-Hop,4.2,True,True
user_084,U084,True,T0012,"Whenever, Wherever",Shakira,Latin Pop,3.4,False,True
user_084,U084,True,T0029,Nothing Else Matters,Metallica,Metal,3.8,False,True
user_084,U084,True,T0032,Butter,BTS,K-pop,2.4,False,True
user_084,U084,True,T0007,Woman,Doja Cat,Pop Rap,5.0,False,False
user_085,U085,True,T0012,"Whenever, Wherever",Shakira,Latin Pop,3.6,True,False
user_085,U085,True,T0002,SICKO MODE,Travis Scott,Hip-Hop,3.6,True,True
user_085,U085,True,T0013,The Real Slim Shady,Eminem,Rap,4.2,False,False
user_085,U085,True,T0020,Tití Me Preguntó,Bad Bunny,Reggaeton,4.0,True,False
user_085,U085,True,T0008,Dakiti,Bad Bunny,Reggaeton,3.7,True,True
user_086,U086,True,T0029,Nothing Else Matters,Metallica,Metal,2.7,False,True
user_086,U086,True,T0007,Woman,Doja Cat,Pop Rap,4.0,False,True
user_086,U086,True,T0036,Say So,Doja Cat,Pop Rap,5.0,True,False
user_086,U086,True,T0038,We Will Rock You,Queen,Rock,4.8,False,False
user_086,U086,True,T0023,Shape of You,Ed Sheeran,Pop,5.0,True,True
user_087,U087,True,T0025,Love Story,Taylor Swift,Pop,3.0,False,True
user_087,U087,True,T0041,Enter Sandman,Metallica,Metal,2.5,True,True
user_087,U087,True,T0041,Enter Sandman,Metallica,Metal,3.4,False,False
user_087,U087,True,T0002,SICKO MODE,Travis Scott,Hip-Hop,3.6,True,False
user_087,U087,True,T0003,Blank Space,Taylor Swift,Pop,4.6,True,False
user_087,U087,True,T0037,Symphony No. 5,Beethoven,Classical,1.8,True,False
user_087,U087,True,T0020,Tití Me Preguntó,Bad Bunny,Reggaeton,5.0,False,True
user_087,U087,True,T0039,Viva La Vida,Coldplay,Alternative,3.3,True,True
user_087,U087,True,T0003,Blank Space,Taylor Swift,Pop,3.1,True,True
user_088,U088,True,T0012,"Whenever, Wherever",Shakira,Latin Pop,2.5,False,True
user_088,U088,True,T0006,Umbrella,Rihanna,R&B,1.8,False,False
user_088,U088,True,T0006,Umbrella,Rihanna,R&B,4.3,True,False
user_088,U088,True,T0009,Moonlight Sonata,Beethoven,Classical,3.6,True,True
user_088,U088,True,T0006,Umbrella,Rihanna,R&B,2.2,False,True
user_088,U088,True,T0013,The Real Slim Shady,Eminem,Rap,2.2,False,False
user_088,U088,True,T0004,Blinding Lights,The Weeknd,R&B,3.2,False,True
user_088,U088,True,T0029,Nothing Else Matters,Metallica,Metal,5.0,False,False
user_089,U089,True,T0045,Hotline Bling,Drake,Hip-Hop,3.2,False,True
user_089,U089,True,T0042,Für Elise,Beethoven,Classical,2.0,True,True
user_089,U089,True,T0022,Dynamite,BTS,K-pop,3.3,False,True
user_089,U089,True,T0004,Blinding Lights,The Weeknd,R&B,3.2,True,True
user_089,U089,True,T0001,Believer,Imagine Dragons,Rock,1.0,True,True
user_089,U089,True,T0016,Diamonds,Rihanna,R&B,3.4,True,True
user_090,U090,True,T0014,One Dance,Drake,Hip-Hop,3.3,False,True
user_090,U090,True,T0006,Umbrella,Rihanna,R&B,4.2,True,False
user_090,U090,True,T0036,Say So,Doja Cat,Pop Rap,5.0,True,False
user_090,U090,True,T0033,Starboy,The Weeknd,R&B,4.6,False,False
user_090,U090,True,T0015,Someone Like You,Adele,Soul,3.2,True,False
user_090,U090,True,T0046,Fix You,Coldplay,Alternative,2.4,True,False
user_090,U090,True,T0030,Don't Stop Me Now,Queen,Rock,5.0,False,True
user_091,U091,True,T0004,Blinding Lights,The Weeknd,R&B,3.6,True,True
user_091,U091,True,T0017,Rolling in the Deep,Adele,Soul,3.5,True,False
user_091,U091,True,T0004,Blinding Lights,The Weeknd,R&B,3.5,True,True
user_091,U091,True,T0041,Enter Sandman,Metallica,Metal,3.7,False,False
user_091,U091,True,T0046,Fix You,Coldplay,Alternative,3.4,False,False
user_091,U091,True,T0009,Moonlight Sonata,Beethoven,Classical,2.9,False,True
user_091,U091,True,T0021,Bohemian Rhapsody,Queen,Rock,3.0,True,True
user_092,U092,True,T0017,Rolling in the Deep,Adele,Soul,3.5,True,True
user_092,U092,True,T0034,Hips Don't Lie,Shakira,Latin Pop,3.0,False,False
user_092,U092,True,T0007,Woman,Doja Cat,Pop Rap,2.8,True,True
user_092,U092,True,T0018,Lose Yourself,Eminem,Rap,3.6,True,False
user_092,U092,True,T0006,Umbrella,Rihanna,R&B,3.2,False,False
user_092,U092,True,T0013,The Real Slim Shady,Eminem,Rap,5.0,False,False
user_092,U092,True,T0028,Hello,Adele,Soul,1.0,True,True
user_092,U092,True,T0017,Rolling in the Deep,Adele,Soul,4.6,True,True
user_093,U093,True,T0008,Dakiti,Bad Bunny,Reggaeton,4.7,True,False
user_093,U093,True,T0037,Symphony No. 5,Beethoven,Classical,1.4,False,True
user_093,U093,True,T0043,God's Plan,Drake,Hip-Hop,3.2,False,True
user_093,U093,True,T0024,Symphony No. 40,Mozart,Classical,3.1,False,True
user_093,U093,True,T0043,God's Plan,Drake,Hip-Hop,2.1,False,False
user_093,U093,True,T0034,Hips Don't Lie,Shakira,Latin Pop,2.7,True,False
user_093,U093,True,T0043,God's Plan,Drake,Hip-Hop,2.4,False,True
user_093,U093,True,T0023,Shape of You,Ed Sheeran,Pop,5.0,False,False
user_093,U093,True,T0020,Tití Me Preguntó,Bad Bunny,Reggaeton,4.4,False,True
user_093,U093,True,T0020,Tití Me Preguntó,Bad Bunny,Reggaeton,4.8,False,True
user_093,U093,True,T0041,Enter Sandman,Metallica,Metal,4.2,False,True
user_094,U094,True,T0041,Enter Sandman,Metallica,Metal,2.4,True,True
user_094,U094,True,T0040,Shake It Off,Taylor Swift,Pop,3.0,True,False
user_094,U094,True,T0019,Yellow,Coldplay,Alternative,4.0,False,False
user_094,U094,True,T0042,Für Elise,Beethoven,Classical,2.3,True,False
user_094,U094,True,T0031,Demons,Imagine Dragons,Rock,4.2,False,True
user_094,U094,True,T0024,Symphony No. 40,Mozart,Classical,3.3,False,True
user_094,U094,True,T0025,Love Story,Taylor Swift,Pop,3.1,True,True
user_094,U094,True,T0004,Blinding Lights,The Weeknd,R&B,4.2,True,False
user_095,U095,True,T0028,Hello,Adele,Soul,3.9,False,True
user_095,U095,True,T0002,SICKO MODE,Travis Scott,Hip-Hop,3.1,False,False
user_095,U095,True,T0008,Dakiti,Bad Bunny,Reggaeton,4.7,False,False
user_095,U095,True,T0018,Lose Yourself,Eminem,Rap,2.4,True,False
user_095,U095,True,T0012,"Whenever, Wherever",Shakira,Latin Pop,4.1,False,False
user_095,U095,True,T0041,Enter Sandman,Metallica,Metal,4.1,False,False
user_095,U095,True,T0021,Bohemian Rhapsody,Queen,Rock,3.2,False,False
user_095,U095,True,T0026,Radioactive,Imagine Dragons,Rock,3.8,True,True
user_096,U096,True,T0006,Umbrella,Rihanna,R&B,2.2,False,True
user_096,U096,True,T0041,Enter Sandman,Metallica,Metal,4.4,False,False
user_096,U096,True,T0012,"Whenever, Wherever",Shakira,Latin Pop,3.3,True,False
user_096,U096,True,T0011,Perfect,Ed Sheeran,Pop,3.0,False,True
user_096,U096,True,T0007,Woman,Doja Cat,Pop Rap,4.5,False,False
user_096,U096,True,T0038,We Will Rock You,Queen,Rock,2.8,True,False
user_096,U096,True,T0005,Boy With Luv,BTS,K-pop,2.1,False,True
user_097,U097,True,T0046,Fix You,Coldplay,Alternative,1.9,True,False
user_097,U097,True,T0006,Umbrella,Rihanna,R&B,4.1,True,False
user_097,U097,True,T0012,"Whenever, Wherever",Shakira,Latin Pop,2.2,False,False
user_097,U097,True,T0018,Lose Yourself,Eminem,Rap,5.0,False,True
user_097,U097,True,T0007,Woman,Doja Cat,Pop Rap,1.4,False,True
user_098,U098,True,T0029,Nothing Else Matters,Metallica,Metal,5.0,False,True
user_098,U098,True,T0042,Für Elise,Beethoven,Classical,3.7,True,False
user_098,U098,True,T0003,Blank Space,Taylor Swift,Pop,3.4,False,False
user_098,U098,True,T0037,Symphony No. 5,Beethoven,Classical,3.0,True,True
user_098,U098,True,T0014,One Dance,Drake,Hip-Hop,3.9,False,False
user_098,U098,True,T0006,Umbrella,Rihanna,R&B,3.5,False,False
user_098,U098,True,T0003,Blank Space,Taylor Swift,Pop,4.6,False,False
user_098,U098,True,T0003,Blank Space,Taylor Swift,Pop,3.6,True,False
user_098,U098,True,T0025,Love Story,Taylor Swift,Pop,3.7,False,False
user_099,U099,True,T0002,SICKO MODE,Travis Scott,Hip-Hop,3.1,False,True
user_099,U099,True,T0015,Someone Like You,Adele,Soul,3.4,False,False
user_099,U099,True,T0016,Diamonds,Rihanna,R&B,3.8,False,True
user_099,U099,True,T0016,Diamonds,Rihanna,R&B,1.8,True,False
user_099,U099,True,T0010,Save Your Tears,The Weeknd,R&B,2.2,False,True
user_099,U099,True,T0027,goosebumps,Travis Scott,Hip-Hop,4.2,True,False
user_099,U099,True,T0035,The Magic Flute,Mozart,Classical,3.7,True,True
user_099,U099,True,T0015,Someone Like You,Adele,Soul,3.3,True,False
user_099,U099,True,T0029,Nothing Else Matters,Metallica,Metal,3.5,True,True
user_099,U099,True,T0031,Demons,Imagine Dragons,Rock,3.8,True,False
user_099,U099,True,T0004,Blinding Lights,The Weeknd,R&B,3.0,True,True
user_100,U100,True,T0011,Perfect,Ed Sheeran,Pop,2.7,False,False
user_100,U100,True,T0045,Hotline Bling,Drake,Hip-Hop,3.7,True,True
user_100,U100,True,T0038,We Will Rock You,Queen,Rock,2.5,True,True
user_100,U100,True,T0002,SICKO MODE,Travis Scott,Hip-Hop,3.9,True,False
user_100,U100,True,T0001,Believer,Imagine Dragons,Rock,1.8,False,False
user_101,U101,True,T0040,Shake It Off,Taylor Swift,Pop,4.5,False,True
user_101,U101,True,T0006,Umbrella,Rihanna,R&B,4.0,True,False
user_101,U101,True,T0038,We Will Rock You,Queen,Rock,3.8,False,True
user_101,U101,True,T0033,Starboy,The Weeknd,R&B,4.5,True,True
user_101,U101,True,T0030,Don't Stop Me Now,Queen,Rock,5.0,True,True
user_102,U102,True,T0025,Love Story,Taylor Swift,Pop,4.5,False,False
user_102,U102,True,T0037,Symphony No. 5,Beethoven,Classical,1.7,True,True
user_102,U102,True,T0029,Nothing Else Matters,Metallica,Metal,2.2,False,True
user_102,U102,True,T0005,Boy With Luv,BTS,K-pop,2.9,False,False
user_102,U102,True,T0041,Enter Sandman,Metallica,Metal,3.5,True,False
user_102,U102,True,T0029,Nothing Else Matters,Metallica,Metal,4.0,True,False
user_102,U102,True,T0027,goosebumps,Travis Scott,Hip-Hop,2.8,False,False
user_102,U102,True,T0013,The Real Slim Shady,Eminem,Rap,3.7,True,True
user_103,U103,True,T0013,The Real Slim Shady,Eminem,Rap,2.7,True,True
user_103,U103,True,T0026,Radioactive,Imagine Dragons,Rock,2.9,True,True
user_103,U103,True,T0020,Tití Me Preguntó,Bad Bunny,Reggaeton,2.1,False,True
user_103,U103,True,T0042,Für Elise,Beethoven,Classical,2.6,False,False
user_103,U103,True,T0045,Hotline Bling,Drake,Hip-Hop,2.1,True,True
user_103,U103,True,T0002,SICKO MODE,Travis Scott,Hip-Hop,2.5,False,True
user_103,U103,True,T0018,Lose Yourself,Eminem,Rap,4.6,False,False
user_103,U103,True,T0029,Nothing Else Matters,Metallica,Metal,2.6,False,True
user_103,U103,True,T0031,Demons,Imagine Dragons,Rock,5.0,False,True
user_104,U104,True,T0040,Shake It Off,Taylor Swift,Pop,4.0,False,True
user_104,U104,True,T0006,Umbrella,Rihanna,R&B,3.7,True,True
user_104,U104,True,T0027,goosebumps,Travis Scott,Hip-Hop,2.6,True,True
user_104,U104,True,T0034,Hips Don't Lie,Shakira,Latin Pop,4.2,True,True
user_104,U104,True,T0020,Tití Me Preguntó,Bad Bunny,Reggaeton,2.9,False,False
user_104,U104,True,T0016,Diamonds,Rihanna,R&B,3.6,False,False
user_104,U104,True,T0042,Für Elise,Beethoven,Classical,5.0,True,True
user_104,U104,True,T0025,Love Story,Taylor Swift,Pop,3.4,False,True
user_104,U104,True,T0004,Blinding Lights,The Weeknd,R&B,4.6,True,False
user_105,U105,True,T0022,Dynamite,BTS,K-pop,2.8,True,True
user_105,U105,True,T0011,Perfect,Ed Sheeran,Pop,3.5,True,True
user_105,U105,True,T0040,Shake It Off,Taylor Swift,Pop,5.0,False,True
user_105,U105,True,T0008,Dakiti,Bad Bunny,Reggaeton,2.9,False,False
user_105,U105,True,T0046,Fix You,Coldplay,Alternative,5.0,True,True
user_105,U105,True,T0040,Shake It Off,Taylor Swift,Pop,4.2,True,False
user_105,U105,True,T0002,SICKO MODE,Travis Scott,Hip-Hop,2.9,True,True
user_105,U105,True,T0037,Symphony No. 5,Beethoven,Classical,4.1,True,False
user_106,U106,True,T0019,Yellow,Coldplay,Alternative,4.5,False,False
user_106,U106,True,T0018,Lose Yourself,Eminem,Rap,4.1,False,True
user_106,U106,True,T0034,Hips Don't Lie,Shakira,Latin Pop,1.9,True,False
user_106,U106,True,T0007,Woman,Doja Cat,Pop Rap,2.8,True,True
user_106,U106,True,T0033,Starboy,The Weeknd,R&B,3.3,False,False
user_106,U106,True,T0012,"Whenever, Wherever",Shakira,Latin Pop,3.4,False,True
user_106,U106,True,T0036,Say So,Doja Cat,Pop Rap,4.1,True,True
user_106,U106,True,T0002,SICKO MODE,Travis Scott,Hip-Hop,3.7,True,False
user_107,U107,True,T0034,Hips Don't Lie,Shakira,Latin Pop,2.2,True,True
user_107,U107,True,T0035,The Magic Flute,Mozart,Classical,3.9,False,True
user_107,U107,True,T0015,Someone Like You,Adele,Soul,4.1,False,False
user_107,U107,True,T0006,Umbrella,Rihanna,R&B,4.1,False,True
user_107,U107,True,T0042,Für Elise,Beethoven,Classical,4.6,True,True
user_107,U107,True,T0018,Lose Yourself,Eminem,Rap,4.3,True,False
user_108,U108,True,T0007,Woman,Doja Cat,Pop Rap,4.0,False,False
user_108,U108,True,T0027,goosebumps,Travis Scott,Hip-Hop,3.4,False,True
user_108,U108,True,T0007,Woman,Doja Cat,Pop Rap,1.8,True,True
user_108,U108,True,T0002,SICKO MODE,Travis Scott,Hip-Hop,3.9,False,False
user_108,U108,True,T0014,One Dance,Drake,Hip-Hop,3.7,False,False
user_108,U108,True,T0009,Moonlight Sonata,Beethoven,Classical,3.8,True,True
user_109,U109,True,T0033,Starboy,The Weeknd,R&B,2.2,False,False
user_109,U109,True,T0016,Diamonds,Rihanna,R&B,2.4,True,True
user_109,U109,True,T0002,SICKO MODE,Travis Scott,Hip-Hop,4.6,True,True
user_109,U109,True,T0046,Fix You,Coldplay,Alternative,3.5,True,True
user_109,U109,True,T0040,Shake It Off,Taylor Swift,Pop,4.2,True,True
user_109,U109,True,T0028,Hello,Adele,Soul,3.5,True,True
user_109,U109,True,T0035,The Magic Flute,Mozart,Classical,3.5,True,False
user_109,U109,True,T0021,Bohemian Rhapsody,Queen,Rock,4.4,True,False
user_109,U109,True,T0043,God's Plan,Drake,Hip-Hop,3.0,False,False
user_109,U109,True,T0022,Dynamite,BTS,K-pop,3.6,True,False
user_110,U110,True,T0007,Woman,Doja Cat,Pop Rap,3.0,True,True
user_110,U110,True,T0045,Hotline Bling,Drake,Hip-Hop,3.1,False,True
user_110,U110,True,T0021,Bohemian Rhapsody,Queen,Rock,3.2,False,True
user_110,U110,True,T0043,God's Plan,Drake,Hip-Hop,3.7,False,True
user_110,U110,True,T0044,Thinking Out Loud,Ed Sheeran,Pop,3.0,True,False
user_110,U110,True,T0046,Fix You,Coldplay,Alternative,4.8,False,True
user_111,U111,True,T0010,Save Your Tears,The Weeknd,R&B,2.6,True,True
user_111,U111,True,T0027,goosebumps,Travis Scott,Hip-Hop,3.3,True,False
user_111,U111,True,T0036,Say So,Doja Cat,Pop Rap,3.1,True,False
user_111,U111,True,T0011,Perfect,Ed Sheeran,Pop,4.9,True,False
user_111,U111,True,T0018,Lose Yourself,Eminem,Rap,3.7,False,False
user_112,U112,True,T0032,Butter,BTS,K-pop,4.5,False,True
user_112,U112,True,T0037,Symphony No. 5,Beethoven,Classical,2.0,True,True
user_112,U112,True,T0003,Blank Space,Taylor Swift,Pop,3.8,True,False
user_112,U112,True,T0039,Viva La Vida,Coldplay,Alternative,4.4,True,True
user_112,U112,True,T0028,Hello,Adele,Soul,3.6,False,True
user_112,U112,True,T0012,"Whenever, Wherever",Shakira,Latin Pop,4.6,True,True
user_113,U113,True,T0035,The Magic Flute,Mozart,Classical,3.0,True,False
user_113,U113,True,T0033,Starboy,The Weeknd,R&B,4.9,False,True
user_113,U113,True,T0032,Butter,BTS,K-pop,5.0,False,False
user_113,U113,True,T0030,Don't Stop Me Now,Queen,Rock,3.1,True,True
user_113,U113,True,T0008,Dakiti,Bad Bunny,Reggaeton,3.1,False,True
user_113,U113,True,T0012,"Whenever, Wherever",Shakira,Latin Pop,5.0,False,True
user_113,U113,True,T0024,Symphony No. 40,Mozart,Classical,5.0,True,False
user_113,U113,True,T0029,Nothing Else Matters,Metallica,Metal,3.0,False,True
user_113,U113,True,T0040,Shake It Off,Taylor Swift,Pop,3.1,True,False
user_114,U114,True,T0019,Yellow,Coldplay,Alternative,3.2,False,False
user_114,U114,True,T0009,Moonlight Sonata,Beethoven,Classical,2.2,True,False
user_114,U114,True,T0001,Believer,Imagine Dragons,Rock,2.6,True,True
user_114,U114,True,T0002,SICKO MODE,Travis Scott,Hip-Hop,2.5,True,True
user_114,U114,True,T0019,Yellow,Coldplay,Alternative,2.7,False,True
user_114,U114,True,T0011,Perfect,Ed Sheeran,Pop,3.5,True,True
user_114,U114,True,T0024,Symphony No. 40,Mozart,Classical,3.7,False,False
user_115,U115,True,T0017,Rolling in the Deep,Adele,Soul,5.0,True,False
user_115,U115,True,T0006,Umbrella,Rihanna,R&B,2.5,True,False
user_115,U115,True,T0046,Fix You,Coldplay,Alternative,4.5,False,True
user_115,U115,True,T0031,Demons,Imagine Dragons,Rock,3.3,True,False
user_115,U115,True,T0040,Shake It Off,Taylor Swift,Pop,3.5,True,True
user_115,U115,True,T0012,"Whenever, Wherever",Shakira,Latin Pop,4.2,False,False
user_115,U115,True,T0029,Nothing Else Matters,Metallica,Metal,2.4,True,True
user_115,U115,True,T0001,Believer,Imagine Dragons,Rock,3.9,True,True
user_115,U115,True,T0010,Save Your Tears,The Weeknd,R&B,3.7,True,False
user_116,U116,True,T0010,Save Your Tears,The Weeknd,R&B,4.0,True,False
user_116,U116,True,T0001,Believer,Imagine Dragons,Rock,3.8,False,False
user_116,U116,True,T0032,Butter,BTS,K-pop,5.0,False,False
user_116,U116,True,T0010,Save Your Tears,The Weeknd,R&B,2.9,True,True
user_116,U116,True,T0019,Yellow,Coldplay,Alternative,3.0,False,False
user_116,U116,True,T0025,Love Story,Taylor Swift,Pop,2.9,True,False
user_116,U116,True,T0041,Enter Sandman,Metallica,Metal,2.9,False,False
user_116,U116,True,T0046,Fix You,Coldplay,Alternative,2.9,True,True
user_117,U117,True,T0035,The Magic Flute,Mozart,Classical,4.7,True,True
user_117,U117,True,T0032,Butter,BTS,K-pop,4.9,True,False
user_117,U117,True,T0005,Boy With Luv,BTS,K-pop,2.9,True,True
user_117,U117,True,T0005,Boy With Luv,BTS,K-pop,2.7,True,False
user_117,U117,True,T0022,Dynamite,BTS,K-pop,4.0,True,True
user_118,U118,True,T0033,Starboy,The Weeknd,R&B,2.9,False,True
user_118,U118,True,T0025,Love Story,Taylor Swift,Pop,4.1,True,True
user_118,U118,True,T0031,Demons,Imagine Dragons,Rock,3.7,False,True
user_118,U118,True,T0014,One Dance,Drake,Hip-Hop,2.0,True,False
user_118,U118,True,T0017,Rolling in the Deep,Adele,Soul,5.0,False,False
user_118,U118,True,T0044,Thinking Out Loud,Ed Sheeran,Pop,5.0,False,False
user_118,U118,True,T0006,Umbrella,Rihanna,R&B,2.9,False,True
user_118,U118,True,T0007,Woman,Doja Cat,Pop Rap,3.1,True,False
user_119,U119,True,T0031,Demons,Imagine Dragons,Rock,3.8,True,False
user_119,U119,True,T0028,Hello,Adele,Soul,3.8,False,False
user_119,U119,True,T0008,Dakiti,Bad Bunny,Reggaeton,4.2,True,True
user_119,U119,True,T0016,Diamonds,Rihanna,R&B,5.0,False,True
user_119,U119,True,T0034,Hips Don't Lie,Shakira,Latin Pop,3.3,True,True
user_119,U119,True,T0041,Enter Sandman,Metallica,Metal,2.7,False,False
user_120,U120,True,T0014,One Dance,Drake,Hip-Hop,2.1,False,False
user_120,U120,True,T0002,SICKO MODE,Travis Scott,Hip-Hop,2.8,True,False
user_120,U120,True,T0005,Boy With Luv,BTS,K-pop,3.5,False,True
user_120,U120,True,T0005,Boy With Luv,BTS,K-pop,5.0,True,True
user_120,U120,True,T0005,Boy With Luv,BTS,K-pop,3.0,False,False
user_120,U120,True,T0039,Viva La Vida,Coldplay,Alternative,3.7,False,True
user_120,U120,True,T0032,Butter,BTS,K-pop,3.5,True,True
